{"cameraMode":{"drawMode":0,"name":"Shaded","section":"Shading Mode"},"sceneLighting":true,"audioPlay":false,"sceneViewState":{"m_AlwaysRefresh":false,"showFog":true,"showSkybox":true,"showFlares":true,"showImageEffects":true,"showParticleSystems":true,"showVisualEffectGraphs":true,"m_FxEnabled":true},"in2DMode":false,"pivot":{"x":-0.07121440023183823,"y":-0.9363195896148682,"z":4.921051025390625},"rotation":{"x":-0.3468804955482483,"y":0.01885377988219261,"z":-0.0069556282833218578,"w":-0.9377169609069824},"size":6.363501071929932,"orthographic":false}