{"cameraMode":{"drawMode":0,"name":"Shaded","section":"Shading Mode"},"sceneLighting":true,"audioPlay":false,"sceneViewState":{"m_AlwaysRefresh":false,"showFog":true,"showSkybox":true,"showFlares":true,"showImageEffects":true,"showParticleSystems":true,"showVisualEffectGraphs":true,"m_FxEnabled":true},"in2DMode":false,"pivot":{"x":2.3642377853393556,"y":0.09041214734315872,"z":0.07857631146907807},"rotation":{"x":-0.2706839144229889,"y":-0.6459683179855347,"z":0.2634845972061157,"w":-0.663547694683075},"size":5.1276936531066898,"orthographic":false}