{"cameraMode":{"drawMode":0,"name":"Shaded","section":"Shading Mode"},"sceneLighting":true,"audioPlay":false,"sceneViewState":{"m_AlwaysRefresh":false,"showFog":true,"showSkybox":true,"showFlares":true,"showImageEffects":true,"showParticleSystems":true,"showVisualEffectGraphs":true,"m_FxEnabled":true},"in2DMode":false,"pivot":{"x":11.649906158447266,"y":-2.4702603816986086,"z":-0.16758833825588227},"rotation":{"x":-0.10871797800064087,"y":-0.8897802233695984,"z":0.3457830548286438,"w":-0.27831193804740908},"size":9.831120491027832,"orthographic":false}